-- MySQL dump 10.11
--
-- Host: localhost    Database: fred_slamd64_com
-- ------------------------------------------------------
-- Server version	5.0.51-log

/*!40101 SET @OLD_CHARACTER_SET_CLIENT=@@CHARACTER_SET_CLIENT */;
/*!40101 SET @OLD_CHARACTER_SET_RESULTS=@@CHARACTER_SET_RESULTS */;
/*!40101 SET @OLD_COLLATION_CONNECTION=@@COLLATION_CONNECTION */;
/*!40101 SET NAMES utf8 */;
/*!40103 SET @OLD_TIME_ZONE=@@TIME_ZONE */;
/*!40103 SET TIME_ZONE='+00:00' */;
/*!40014 SET @OLD_UNIQUE_CHECKS=@@UNIQUE_CHECKS, UNIQUE_CHECKS=0 */;
/*!40014 SET @OLD_FOREIGN_KEY_CHECKS=@@FOREIGN_KEY_CHECKS, FOREIGN_KEY_CHECKS=0 */;
/*!40101 SET @OLD_SQL_MODE=@@SQL_MODE, SQL_MODE='NO_AUTO_VALUE_ON_ZERO' */;
/*!40111 SET @OLD_SQL_NOTES=@@SQL_NOTES, SQL_NOTES=0 */;

--
-- Table structure for table `slamd64_mirror_locations`
--

DROP TABLE IF EXISTS `slamd64_mirror_locations`;
SET @saved_cs_client     = @@character_set_client;
SET character_set_client = utf8;
CREATE TABLE `slamd64_mirror_locations` (
  `id` int(10) unsigned NOT NULL auto_increment,
  `name` tinytext NOT NULL,
  PRIMARY KEY  (`id`)
) ENGINE=InnoDB AUTO_INCREMENT=32 DEFAULT CHARSET=latin1;
SET character_set_client = @saved_cs_client;

--
-- Dumping data for table `slamd64_mirror_locations`
--

LOCK TABLES `slamd64_mirror_locations` WRITE;
/*!40000 ALTER TABLE `slamd64_mirror_locations` DISABLE KEYS */;
INSERT INTO `slamd64_mirror_locations` VALUES (14,'America'),(17,'Canada'),(19,'Ireland'),(25,'England'),(26,'Germany'),(27,'Poland'),(28,'Russia'),(29,'Portugal'),(31,'Netherlands');
/*!40000 ALTER TABLE `slamd64_mirror_locations` ENABLE KEYS */;
UNLOCK TABLES;

--
-- Table structure for table `slamd64_mirrors`
--

DROP TABLE IF EXISTS `slamd64_mirrors`;
SET @saved_cs_client     = @@character_set_client;
SET character_set_client = utf8;
CREATE TABLE `slamd64_mirrors` (
  `id` int(10) unsigned NOT NULL auto_increment,
  `location` int(10) unsigned NOT NULL,
  `name` text NOT NULL,
  `ftp` text,
  `http` text,
  `rsync` text,
  PRIMARY KEY  (`id`),
  KEY `location` (`location`),
  CONSTRAINT `slamd64_mirrors_ibfk_1` FOREIGN KEY (`location`) REFERENCES `slamd64_mirror_locations` (`id`) ON DELETE CASCADE
) ENGINE=InnoDB AUTO_INCREMENT=31 DEFAULT CHARSET=latin1;
SET character_set_client = @saved_cs_client;

--
-- Dumping data for table `slamd64_mirrors`
--

LOCK TABLES `slamd64_mirrors` WRITE;
/*!40000 ALTER TABLE `slamd64_mirrors` DISABLE KEYS */;
INSERT INTO `slamd64_mirrors` VALUES (5,14,'slamd64.he.net',NULL,'http://slamd64.he.net/',NULL),(11,19,'heanet.ie','ftp://ftp.heanet.ie/pub/slamd64/','http://ftp.heanet.ie/pub/slamd64/','rsync://ftp.heanet.ie/pub/slamd64/'),(18,25,'anorien.warwick.ac.uk','ftp://anorien.warwick.ac.uk/slamd64/','http://anorien.warwick.ac.uk/mirrors/slamd64/','rsync://anorien.warwick.ac.uk/slamd64/'),(19,26,'wahlfaelschung.de','ftp://slamd64.wahlfaelschung.de/','http://slamd64.wahlfaelschung.de/',NULL),(20,27,'slackware.pl','ftp://ftp.slackware.pl/pub/slamd64/','http://ftp.slackware.pl/pub/slamd64/','rsync://rsync.slackware.pl/slamd64/'),(21,28,'Yandex','ftp://mirror.yandex.ru/slamd64/','http://mirror.yandex.ru/slamd64/','rsync://mirror.yandex.ru/slamd64/'),(22,29,'Uminho','ftp://cesium.di.uminho.pt/pub/slamd64','http://cesium.di.uminho.pt/pub/slamd64','rsync://cesium.di.uminho.pt/pub/slamd64'),(23,17,'mirror1.slackadelic.com',NULL,'http://mirror1.slackadelic.com/slamd64','rsync://mirror1.slackadelic.com/slamd64'),(25,25,'slackware.org.uk','ftp://ftp.slackware.org.uk/slamd64','http://www.slackware.org.uk/slamd64/','rsync://slackware.org.uk/slamd64/'),(27,14,'mirrors.vbi.vt.edu','ftp://mirrors.vbi.vt.edu/linux/slamd64/','http://mirrors.vbi.vt.edu/mirrors/linux/slamd64','rsync://mirrors.vbi.vt.edu/slamd64'),(28,14,'HostGIS','ftp://mirrors-sanfrancisco.hostgis.com/slamd64/','http://mirrors-sanfrancisco.hostgis.com/slamd64/','rsync://mirrors-sanfrancisco.hostgis.com/slamd64/'),(29,14,'gtlib.gatech.edu','ftp://ftp.gtlib.gatech.edu/pub/slamd64',NULL,'rsync://rsync.gtlib.gatech.edu/slamd64'),(30,31,'utwente.nl','ftp://goudrenet.student.utwente.nl/slamd64','http://goudrenet.student.utwente.nl/slamd64','rsync://goudrenet.student.utwente.nl/slamd64');
/*!40000 ALTER TABLE `slamd64_mirrors` ENABLE KEYS */;
UNLOCK TABLES;

--
-- Table structure for table `slamd64_news`
--

DROP TABLE IF EXISTS `slamd64_news`;
SET @saved_cs_client     = @@character_set_client;
SET character_set_client = utf8;
CREATE TABLE `slamd64_news` (
  `id` int(10) unsigned NOT NULL auto_increment,
  `title` tinytext NOT NULL,
  `content` text NOT NULL,
  `date` char(8) NOT NULL,
  `poster` tinytext NOT NULL,
  `editor` tinytext,
  `editDate` char(8) default NULL,
  PRIMARY KEY  (`id`)
) ENGINE=InnoDB AUTO_INCREMENT=33 DEFAULT CHARSET=latin1;
SET character_set_client = @saved_cs_client;

--
-- Dumping data for table `slamd64_news`
--

LOCK TABLES `slamd64_news` WRITE;
/*!40000 ALTER TABLE `slamd64_news` DISABLE KEYS */;
INSERT INTO `slamd64_news` VALUES (2,'Slamd64 is ready for testing!','<p>Slamd64 is an entirely unofficial port of Slackware&reg; linux to the amd64/x86-64. What this means is:</p>\r\n<ul>\r\n  <li>It runs nicer on an amd64</li>\r\n  <li>It is *not* called Slackware&reg;, or any direct derivative</li>\r\n  <li>Do not bug Pat with bug reports. Slamd64 is not his responsibility</li>\r\n</ul>\r\n\r\n<p>The alpha iso can be downloaded from <a href=\'ftp://ftp.scarlet.be/pub/slamd64/\'>Scarlet.be</a>, I will\r\nbe uploading the individual packages and source later today hopefully.</p>\r\n\r\n<p>I\'ve tried to stick to what Patrick Volkerding\'s done/is doing with Slackware, with the following exceptions:</p>\r\n<ul>\r\n  <li>Entirely 64-bit userspace (unless you install c/)</li>\r\n  <li>Added c/ package set containing 32-bit compatabilitity libraries</li>\r\n  <li>No gnome/ - As it\'s a real pain to package and build, and Pat\'s planning on removing it anyway, it\'s not here.</li>\r\n  <li>2.6 kernel and GCC 3.4 due to x86-64 compatability issues</li>\r\n  <li>KDE 3.3.2 with out-of-the-box PGP/MIME support</li>\r\n</ul>\r\n\r\n<p>This alpha is built from slackware-current (a few weeks old), so is relatively up to date. However, I\'m calling\r\nthis an alpha because the only testing is the only testing it\'s had is \"WorksForMe(tm)\", with the exceptions listed\r\nin BUGS.TXT on the download site.</p>\r\n\r\n<p>Big thanks to:</p>\r\n<ul>\r\n  <li>Patrick Volkerding for creating slackware in the first place</li>\r\n  <li>The guys in ##slackware on irc.freenode.net for general help and advice</li>\r\n  <li>The guys in #slackware on irc.oftc.net for installer and porting issues</li>\r\n  <li>Andreas for some installer issues, and general help</li>\r\n  <li>The Gentoo x86-64 and Debian Pure64 projects for GCC 3.4, Linux 2.6, and x86-64 compatability\r\n    patches for various applications</li>\r\n  <li>SuSE for a patch for PHP to add --with-_lib to ./configure</li>\r\n<li>Edward Emmott for donating slamd64.com</li>\r\n</ul>','20050119','Fred',NULL,NULL),(3,'Slamd64 Coaster17/Alpha 2 Released','<p>I\'ve released Slamd64 Coaster17/Alpha2 - this is the latest prelease of this unofficial port of Slackware&reg;\r\nLinux to the AMD64 platform. It is primarily a bugfix release - the only known remaining bugs are a few minor\r\ninstaller issues (tagfiles).</p>\r\n<p>Please see the <a href=\"getslamd64.html\">download page</a> to get it.</p>\r\n<p>Please don\'t post bug reports or anything that requires an answer on my\r\n<a href=\'http://www.fredemmott.co.uk/index.php?page=guestbook\'>guestbook</a>, as I only check it every few weeks.\r\nInstead, please see the <a href=\"contact.html\">contact page</a>.\r\n</p>','20050126','Fred',NULL,NULL),(4,'Slamd64 10.1 RC1 Released','<p>I\'ve released Slamd64 10.1 RC1 - it\'s primarily a bugfix release. A few things to note:</p>\r\n<ul>\r\n	<li>KDE 3.4 will not be included in the final even if it\'s released before I mark Slamd64 10.1 as\r\n		final. Now I don\'t want to change any packages any more than neccessary to give a good, stable\r\n		system. Please don\'t bug me about this. I will put up packages, but they will be unsupported.\r\n	</li>\r\n	<li>Since I released it, I\'ve became aware of a bug with GTK applications (specifically, a bug in\r\n		the pango package). To solve: mv /usr/lib64/pkgconfig/* /usr/lib/pkgconfig, and recompile pango.\r\n		Later today I\'ll post a fixed pango pack, few days until RC2.\r\n	</li>\r\n</ul>\r\n<p>Please see the <a href=\"getslamd64.html\">download page</a> to get it.</p>','20050306','Fred',NULL,NULL),(5,'Slamd64 10.1 RC2 Released','<p>Slamd64 10.1 RC2 should be hitting the mirrors shortly - thanks to Nick\r\nSutcliffe for uploading it for me with my current bandwidth issues. Lots\r\nof bugs fixed, most xmms plugins are working, and GTK issues are fixed\r\n(although there may be an issue with IceWM and 32-bit GTK applications).</p>\r\n\r\n<p>\r\nTest, tell me bugs, and send me bugfixes :D Might take me a while to fix\r\nthings myself as I\'m typing one-handed at the moment due to an unknown injury \r\nsorry for the delay. Hopefully this will become 10.1 Final.\r\n</p>','20050425','Fred',NULL,NULL),(6,'Slamd64 10.1 RC3 Uploaded, and GPG Key Change','<p>Slamd64 10.1 RC3 isos and tree have been uploading, and will be available\r\nfor download as soon as your <a href=\'getslamd64.html\'>favourite mirror</a>\r\nsyncs. It\'s identical to RC2 with the patches from a few days ago.</p>\r\n\r\n<p>In other news, as my GPG key expires in a couple of months, I\'ve created\r\na new key, available from <a href=\'http://slamd64.com/GPG-KEY\'>http://slamd64.com/GPG-KEY</a>,\r\nbut RC3 is still signed with <a href=\'http://slamd64.com/GPG-KEY.old\'>the old key</a>.</p>\r\n\r\n<p>Thanks for all your support.</p>','20050517','Fred',NULL,NULL),(7,'Slamd64 10.1 RC4 Released','<p>Slamd64 RC4 has been uploaded with the largest changes in quite a while:</p>\r\n<ul>\r\n	<li>Installation initrd now contains 64-bit executables - this should sort\r\n		out issues with mkswap segfaults and modprobe</li>\r\n	<li>Upgraded the kernel to 2.6.11.10 to fix various security issues</li>\r\n	<li>Fixed the various sata kernels, addedadaptec.s and 3ware.s kernels</li>\r\n</ul>\r\n\r\n<p>As well as the normal isos and tree, I\'ve also uploaded .xdelta files; these\r\n	are binary patches which can be applied to the RC3 isos to save bandwidth - see\r\n	<a href=\'http://sf.net/projects/xdelta/\'>http://sf.net/projects/xdelta</a>.</p>','20050525','Fred',NULL,NULL),(8,'Slamd64 10.1 Released','<p>Slamd64 10.1 has been uploaded, and is starting to hit the mirrors. Mostly minor\r\nfixes, see <a href=\'http://cardinal.lizella.net/pipermail/slamd64-announce/2005-June/000004.html\'>the\r\nslamd64-announce mailing list posting</a> for details.\r\n</p>\r\n<p>\r\nSlamd64 is an unofficial port of <a href=\'http://www.slackware.com\'>Slackware Linux</a> to the\r\nx86_64 architecture; despite the name containing AMD64, Slamd64 should work both on K8 (AMD64)\r\nand EM64T (some Intel) processors.\r\n</p>\r\n\r\n<p>update v2: All the mirrors should be fine now, please see the <a href=\'getslamd64.html\'>Get Slamd64</a>\r\npage.</p>','20050614','Fred',NULL,NULL),(9,'Updates and Donations','<p>\r\nHi, there\'s been several major updates in slamd64-current, and I would strongly recommend installing\r\nslamd64-current instead of 10.2, most importantly due to an error in the 10.2 installer which means that ext2\r\nand ext3 partitions will not be formatted.\r\n</p>\r\n\r\n<p>Secondly, you may have noticed there is now a PayPal donations button in the top-right corner. Donations are appreciated because they allow me to spend more time working on Slamd64 and studying for my degree, rather\r\nthan having to earn money by other means, although I am always interested in work involving Slamd64. Obviously, Slamd64 will always continue to be free, but donations are greatly appreciated.</p>','20060113','Fred',NULL,NULL),(10,'Slamd64 10.2b Released','<p>\r\nI\'ve released slamd64 10.2b due to the installer issues with ext2 and ext3 in 10.2, and that there are no known problems that aren\'t present in 10.2; the tree and isos should be making their way to your favourite mirror.\r\n</p>','20060213','Fred',NULL,NULL),(11,'Fundraising and Updates','<p>\r\nAs you may have noticed, the frequency and speed of Slamd64 updates changes throught the year. This is simply because my priorities have to be as follows:\r\n</p>\r\n<ol>\r\n	<li>University work</li>\r\n	<li>Paid work</li>\r\n	<li>Other urgent work</li>\r\n	<li>Slamd64</li>\r\n	<li>Anything else</li>\r\n</ol>\r\n<p>\r\nThis is because Slamd64 is a personal project which I do entirely in my spare time, and I am not paid to work on it.\r\n</p>\r\n\r\n<p>\r\nMost notably, I am going to need to work during the summer. To guarantee to keep Slamd64 maintained during the summer while maintaining a slackware-style approach,\r\nI\'m starting a fundraiser. If Slamd64 gets £2500 (GBP) in donations by the 14th of April, I will treat working on Slamd64 as a full-time job for the duration of the <a href=\'http://www.warwick.ac.uk\'>University of Warwick</a>\'s summer holiday, excluding the first week when I will be on holiday with my family. Otherwise, I will have to get employment during the holidays, and I do not know how much time this would leave for Slamd64 work. If the target amount is not reached, I will try to treat it as part-time paid work proportionate to the amount received. If more than it is reached, I will put it towards working on Slamd64 either part-time during the term, or during the 2006 christmas break of the university.\r\n</p>\r\n\r\n<p>\r\nI can accept donations via paypal (paypal link at top-right of page), or via bank transfer (<a href=\'mailto:fundraiser@slamd64.com\'>email me</a> for details). Large donations (£50 or above) will be thanked publicly.\r\n</p>\r\n\r\n<p>\r\nI would also be interested in proposals for corporate sponsorship of the project; please <a href=\'mailto:sponsorship@slamd64.com\'>email me</a> with any proposals.\r\n</p>','20060324','Fred',NULL,NULL),(12,'Fundraising News and -current Updates','<p>\r\nThe fundraiser gained approximately £600, so I shall be attempting to find a part-time job over the summer. A list of large donators shall go up shortly\r\nwhen I have some more time. Updates to -current will be irregular for the next few weeks due to university exams.\r\n</p>\r\n\r\n<p>\r\nSorry for the delay and brevity of this post.\r\n</p>','20060531','Fred',NULL,NULL),(13,'Slamd64 11.0 RC1','<p>\r\nSlamd64-current is now Slamd64 11.0 RC1. There have been many updates, see ChangeLog.txt for a full list, and the <a\r\nhref=\'http://cardinal.lizella.net/pipermail/slamd64-announce/2006-August/000014.html\'>release announcement</a> for\r\nhighlights and release notes.\r\n</p>','20060815','Fred',NULL,NULL),(14,'Holiday','<p>I\'m going on holiday for slightly over a week from Sunday (2006-09-10), without a computer or an internet connection. This means that I\r\nwon\'t be responding to emails, providing updates, or releasing Slamd64 11 until I\'m back (and then, only after Slackware 11.0 is released).\r\n</p>','20060908','Fred',NULL,NULL),(15,'Slamd64 11.0 Released!','<p>\r\nAnnouncing Slamd64 Linux 11!\r\n</p>\r\n\r\n<p>ISO images should be uploaded shortly.</p>\r\n\r\n<p>\r\nMore than 7 months after Slamd64 10.2b, Slamd64 has now reached a very\r\nmature and stable stage, and I\'d like to thank a small number of the\r\nmany people who have helped make this release what it is.\r\n</p>\r\n\r\n<p>\r\nFirstly, I\'d like to thank Carlos Corbacho for putting in a *huge*\r\namount of work into finding and fixing bugs - A search of\r\nbugs.slamd64.com shows that he\'s helped with more than 100 bugs\r\nsince July. This really has been an incredible help.\r\n</p>\r\n\r\n<p>\r\nSecondly, I\'d like to thank everyone who helped with the Slamd64\r\nfundraiser back in March/April, especially the following people who\r\ndonated large amounts (if I\'ve missed you off this list, please tell me\r\nand I\'ll add you to it).\r\n</p>\r\n\r\n<ul>\r\n<li>Peter Christy</li>\r\n<li>Gebrs Duportail</li>\r\n<li>Andrea Lee</li>\r\n<li>Pieter Sartain</li>\r\n<li>Jakob Viketof</li>\r\n<li>Berend van Wachem</li>\r\n<li>Damion Yates</li>\r\n</ul>\r\n\r\n<p>\r\nDue to Slamd64\'s increased maturity and stability, I will be producing\r\nsecurity updates for Slamd64 11.0, even after -current is branched\r\nagain; if you want notification of these, please sign up for the\r\nslamd64-security mailing list at http://lists.slamd64.com\r\n</p>\r\n\r\n<p>\r\nRelease highlights:\r\n</p>\r\n\r\n<ul>\r\n<li>\r\nUpdated to gcc 3.4.6, and now including gcj; unfortunately, including\r\n  gcj has forced me to drop -m32 support, as this seems to be\r\n  incompatabile with gcj. I\'ll be looking for ways to work around this\r\n  for the next release. In the meantime, I recommend using a Slackware\r\n  chroot for compiling 32-bit binaries.\r\n</li>\r\n<li>Added Mozilla Firefox 1.5.0.7</li>\r\n<li>Added Mozilla Thunderbird 1.5.0.7</li>\r\n<li>Added Seamonkey 1.0.5</li>\r\n<li>\r\nUpdated to udev 097; If installed, udev now replaces hotplug, and is\r\n  much faster.\r\n</li>\r\n<li>Now only one kernel is needed - huge26.s, based on 2.6.16.29</li>\r\n<li>Added pcmcicautils</li>\r\n<li>Added amarok (KDE media player)</li>\r\n<li>Added qca and qca-tls; this adds jabber support to kopete</li>\r\n<li>Added git and mercurial (version control systems)</li>\r\n<li>Added Ruby</li>\r\n<li>The latest version of the popular K Desktop Environment, KDE 3.5.4</li>\r\n<li>XFCE 4.2.3.2</li>\r\n<li>Apache 1.3.37</li>\r\n<li>mod_ssl 2.8.28</li>\r\n<li>PHP 4.4.4 in slackware/n/, and PHP 5.1.6 in extra/</li>\r\n<li>\r\nLots of packages from Slackware that were missing in Slamd64 have\r\n  been added; see ChangeLog.txt for a full list.\r\n</li>\r\n</ul>\r\n\r\n<p>\r\nUpgrade notes (see CHANGES_AND_HINTS.TXT for more information):\r\n</p>\r\n\r\n<ul>\r\n<li>alsa-drivers is now a separate package\r\n</li><li>Be sure to merge in the new configuration files in /etc/rc.d,\r\n  otherwise things *WILL* break.\r\n</li><li>The newer udev obsoletes /etc/hotplug/blacklist; use\r\n  /etc/modprobe.d/blacklist instead\r\n</li><li>X11 now depends on slackware/l/freetype and slackware/x/fontconfig\r\n</li><li>PHP now depends on slackware/l/freetype\r\n</li><li>Kopete now depends on slackware/kde/qca and slackware/kde/qca-tls\r\n</li><li>apr, apr-util, and mm have been split out from Apache; Apache,\r\n  Subversion, and PHP will all depend on some of these.\r\n</li><li>Subversion now depends on slackware/l/neon\r\n</li><li>xfsprogs has been split into acl, attr, dmapi, xfsdump, xfsprogs\r\n</li><li>GTK+2 applications now depend on slackware/l/cairo\r\n</li><li>xvim has been replaced with vim-gvim, which depends on\r\n  slackware/a/vim\r\n</li><li>The Mozilla suite has been replaced with Seamonkey</li>\r\n</ul>\r\n\r\n<p>\r\nHave fun :)\r\n</p>\r\n\r\n<p>\r\nRegards,\r\n</p>\r\n\r\n<p>\r\n--<br />\r\nFred Emmott<br />\r\n(http://www.slamd64.com)<br />\r\n(http://www.fredemmott.co.uk)\r\n</p>','20061003','Fred',NULL,NULL),(16,'Server problems','<p>\r\nHi; the main Slamd64 server, <a href=\'http://cardinal.lizella.net\'>cardinal.lizella.net</a> has been down for the last few days; this is due to an unknown issue at the datacentre. This is a new site, on a different server. Unfortunately, I don\'t know how long until the bugtracker, forums, or mailing lists will be back up.</p>\r\n\r\n<p>In other news, <a href=\'ftp://anorien.warwick.ac.uk\'>anorien.warwick.ac.uk</a> is now the primary mirror for Slamd64; I\'d like to thank the admins of the server, and the Centre for Scientific Computing at the <a href=\'http://www.warwick.ac.uk\'>University of Warwick</a> for their generosity.</p>\r\n\r\n<p>\r\nAlso, as cardinal.lizella.net hosts other sites, including slackbook.org, slackwiki.org, slackbuilds.org, and fredemmott.co.uk, temporarily my email address is <a href=\'mailto:fred@uwcs.co.uk\'>fred@uwcs.co.uk</a>.\r\n</p>\r\n\r\n<p>\r\nOne last thing :) I\'m useless at the visual aspect of web design; any suggestions for a better visual design of this site, please email me a link to a demo. It should be valid XHTML/CSS2, and usable in all major browsers (Lynx, Links, Konqueror, Mozilla-*, Opera, IE). There should be examples of layout for the news page (this page), and the \"Get Slamd64\" page with the mirrors list. Thanks to anyone who helps with this :)\r\n</p>','20061016','Fred','Fred','20061017'),(17,'Server back','<p>\r\nHi, the <a href=\'http://forums.slamd64.com\'>forums</a> and <a href=\'http://bugs.slamd64.com\'>bug tracker</a> are back up, as is my prefered email address, <a href=\'mailto:mail@fredemmott.co.uk\'>mail@fredemmott.co.uk</a>. We\'re still trying to work out what the exact problem, and we\'re very interested in offers of alternative places for hosting the server. This would either be a place where we (slackbook.org, slamd64.com, slackbuilds.org MX) could put a 1U server we already own, or a provided (unmanaged) dedicated server anyway. Thanks for your patience during the server problems.</p>','20061022','Fred',NULL,NULL),(18,'Server Move','<p>\r\nHi, the server hosting <a href=\'http://forums.slamd64.com\'>the forums</a>, <a href=\'http://bugs.slamd64.com\'>bug tracker</a>, and the <a href=\'http://lists.slamd64.com\'>mailing lists</a> was moved yesterday/today, and all official slamd64 sites except for the mailing lists should be alive again once the DNS changes have propogated. Thanks for your patience.\r\n</p>\r\n\r\n<p><em>Update:</em> There\'s some problems with MySQL, so the forums and bug tracker aren\'t up yet.</p>\r\n\r\n<p><em>Update 2:</em> The mailing lists are up again</p>\r\n\r\n<p><em>Update 3:</em> Finally looks like everything\'s up at last :)</p>','20061230','Fred','Fred','20061231'),(19,'Fundraiser','<p>\r\nAs you may have noticed, the frequency and speed of Slamd64 updates changes throught the year. This is simply because my priorities have to be as follows:\r\n</p>\r\n<ol>\r\n <li>University work</li>\r\n <li>Paid work</li>\r\n <li>Other urgent work</li>\r\n <li>Slamd64</li>\r\n <li>Anything else</li>\r\n</ol>\r\n\r\n<p>\r\nThis is because Slamd64 is a personal project which I do entirely in my spare time, and I am not paid to work on it.\r\n</p>\r\n\r\n<p>\r\nMost notably, I am going to need to work during the summer. To guarantee to keep Slamd64 maintained during the summer while maintaining a slackware-style approach,\r\nI\'m starting a fundraiser. If Slamd64 gets £2500 (GBP) in donations by the 14th of April, I will treat working on Slamd64 as a full-time job for the duration of the <a href=\'http://www.warwick.ac.uk\'>University of Warwick</a>\'s summer holiday, excluding the first week when I will be on holiday with my family. Otherwise, I will have to get employment during the holidays, and I do not know how much time this would leave for Slamd64 work. If the target amount is not reached, I will try to treat it as part-time paid work proportionate to the amount received. If more than it is reached, I will put it towards working on Slamd64 either part-time during the term, or during the 2007 christmas break of the university.\r\n</p>\r\n\r\n<p>\r\nI can accept donations via paypal (paypal link at top-right of page), or via bank transfer (<a href=\'mailto:fundraiser@slamd64.com\'>email me</a> for details). Large donations (£50 or above) will be thanked publicly.\r\n</p>\r\n\r\n<p>\r\nI would also be interested in proposals for corporate sponsorship of the project; please <a href=\'mailto:sponsorship@slamd64.com\'>email me</a> with any proposals.\r\n</p>\r\n\r\n<p>\r\nYes, this is an almost-exact copy of my post last March :)\r\n</p>','20070119','Fred',NULL,NULL),(20,'Fundraiser followup, and recent updates','<p>\r\nHi, it\'s looking highly improbably that the fundraiser is going to get enough money for me to work on Slamd64 full-time over the summer. I\'m planning on doing a Google Summer of Code project, preferably for either the KDE project or the GNU project.\r\n</p>\r\n\r\n<p>Slamd64 is still looking for a corporate sponsor; the benefits for your company as a slamd64 user are:\r\n</p>\r\n<ul>\r\n<li>Your logo on this site, the <a href=\'http://forums.slamd64.com\'>forums</a>, and the <a href=\'http://bugs.slamd64.com\'>bug tracker</a></li>\r\n<li>Permanent presence in the \"THANKS\" file</li>\r\n<li>A brief (up to 5 lines) paragraph in the release notes for any releases during your period of sponsorship</li>\r\n<li>A brief (1 line) message in all security announcements during the period of sponsorship</li>\r\n<li>Faster security updates; with sponsorship, and Slamd64 as a reliable source of income, I\'ll be able to make Slamd64 a higher priority for me. Of course, these updates will be still made available to everyone simultaneously.</li>\r\n<li>A warm fuzzy feeling inside :)</li>\r\n</ul>\r\n\r\n<p>\r\nI\'m initially looking for a 3 month trial sponsorship, to be evaluated at the end, ideally renewed as a 12-month sponsorship. I\'m willing to consider any reasonable offer; as a possible guideline, consider what it would cost to employ a linux administrator at your company for ~ 10h/week.</p>\r\n\r\n<p>\r\nWith regards to the lack of updates in the last 2 weeks, this is mainly due to coursework, however for the last few days it\'s been due to the flu. I\'ll hopefully get them up early next week.\r\n</p>','20070317','Fred',NULL,NULL),(21,'Summer','<p>\r\nHi, during the summer, I will be working on <a href=\'http://code.google.com/soc/kde/appinfo.html?csaid=FBBF1AFF3A34E55B\'>a Google Summer of Code project for KDE</a>; this should allow me enough time to contine to update Slamd64, though of course, the project may consume more of my time than I expect.</p>\r\n\r\n<p>As I stated back in January, I will attempt to use the received donations proportionally throughout the remainder of the year. I am hugely grateful for your generosity, and will compile a list of the major donors and publish it shortly.</p>','20070412','Fred',NULL,NULL),(22,'Updates','<p>Updates are ready for upload for 11.0 and -current. Unfortunately these have been delayed by server issues. These have been resolved for the most part, and only a minor permissions problem remains, which should hopefully be fixed  shortly.</p>','20070601','Fred',NULL,NULL),(23,'Re: Updates','<p>Updates for 11.0 and -current are up on anorien.warwick.ac.uk, and should be reaching the other mirrors shortly.</p>','20070605','Fred',NULL,NULL),(24,'12.0 RC1 - When?','<p>\r\n12.0 RC1 will be out after the following (and more) have been done in -current:\r\n</p>\r\n\r\n<ul>\r\n<li>Installer rebuilt</li>\r\n<li>Added USB and PXE installers</li>\r\n<li>Updated the maketag and tagfiles</li>\r\n<li>No packages remaining that install to /usr/X11R6</li>\r\n<li>No packages remaining without \"_slamd64\" in the architecture part of the package name</li>\r\n</ul>\r\n\r\n<p>\r\nI\'m not going to give a time estimate, though I can give a hint to a lower bound: My exams finish on the 23rd; after this, I also have Summer of Code commitments. When I\'m happy with my progress on Summer of Code after the exams, I\'ll be able to put the additional time required to bring -current up to RC standard.\r\n</p>','20070615','Fred',NULL,NULL),(25,'12.0 Progress','<p>People keep on asking for information on progress of Slamd64 12.0; well, here\'s the actual progress:\r\n</p>\r\n\r\n<ul>\r\n<li>The installer works properly</li>\r\n<li>USB and PXE installers are added </li>\r\n<li>Slamd64-current is a very stable system</li>\r\n<li>Slamd64-current is up to date with security updates</li>\r\n</ul>\r\n\r\n<p>\r\nTo do:\r\n</p>\r\n\r\n<ul>\r\n<li>Rebuild all the packages that do not yet have _slamd64 in the architecture field; the reason for this is simple: Sflack and Slamd64 have agreed to do this to make it clear from the package name which of the several unofficial ports of Slackware a package come from; we think this is better for users, and makes it easier to support them. x86_64 in itself means \'Slamd64\', \'Sflack\', or possibly something else. The other port I contacted was unfortunately not interested in this change</li>\r\n<li>Re-check all packages in Slackware that aren\'t in Slamd64, and see if they can be added</li>\r\n<li>I aim to have no <a href=\'http://bugs.slamd64.com\'>known bugs</a> in Slamd64 12.0 at the time of its release; this is excluding feature requests and other trivial issues</li>\r\n</ul>\r\n\r\n<p>Now, why\'s it taking so long? Firstly, I\'m busy with other work, on KDE, for Google Summer of Code. Regardless of this, I don\'t want to rush a release; Slamd64 12.0 has the potential to be the stablest release yet, and for me to be proud of it as the latest milestone after two and a half years of work since Slamd64 started in January 2005. I believe that producing a well-tested, stable release out is much more important than a \'I got here first\' flag.\r\n</p>','20070817','Fred','Fred','20070817'),(26,'Slamd64 12.0 RC1','<p>Slamd64 12.0 RC1 has been uploaded, with ISOs, to anorien.warwick.ac.uk, and should be hitting <a href=\'getslamd64.html\'>your favourite mirror</a> shortly.</p>\r\n\r\n<p>\r\nPlease make sure to read <a href=\'http://anorien.warwick.ac.uk/mirrors/slamd64/slamd64-12.0-RC1/ReleaseNotes.txt\'>the release notes</a>, <a href=\'http://anorien.warwick.ac.uk/mirrors/slamd64/slamd64-12.0-RC1/UPGRADE.TXT\'>UPGRADE.TXT</a>, <a href=\'http://anorien.warwick.ac.uk/mirrors/slamd64/slamd64-12.0-RC1/ChangeLog.txt\'>the changelog</a>, and <a href=\'http://anorien.warwick.ac.uk/mirrors/slamd64/slamd64-12.0-RC1/THANKS.TXT\'>THANKS.TXT</a>.\r\n</p>\r\n\r\n<p>Have fun!</p>','20071008','Fred',NULL,NULL),(27,'Slamd64 12.0 RC2 Released','<p>Slamd64 12.0 RC2 has been uploaded, with ISOs, to anorien.warwick.ac.uk, and should be hitting <a href=\'http://www.slamd64.com/getslamd64.html\'>your favourite mirror</a> shortly.</p>\r\n\r\n<p>\r\nPlease make sure to read <a href=\'http://anorien.warwick.ac.uk/mirrors/slamd64/slamd64-12.0-RC2/ReleaseNotes.txt\'>the release notes</a>, <a href=\'http://anorien.warwick.ac.uk/mirrors/slamd64/slamd64-12.0-RC2/UPGRADE.TXT\'>UPGRADE.TXT</a>, <a href=\'http://anorien.warwick.ac.uk/mirrors/slamd64/slamd64-12.0-RC2/ChangeLog.txt\'>the changelog</a>, and <a href=\'http://anorien.warwick.ac.uk/mirrors/slamd64/slamd64-12.0-RC2/THANKS.TXT\'>THANKS.TXT</a>.\r\n</p>\r\n\r\n<p>Have fun!</p>\r\n\r\n<p style=\'font-size: xx-small\'>See! It\'s not quite the same words as last time!</p>','20071016','Fred','Fred','20071016'),(28,'Slamd64 12.0 Released!','<p>\r\nSlamd64 12.0 is released, the latest result of nearly two and a half years\r\nof development :). If you\'re upgrading, please pay close attention to\r\nUPGRADE.TXT. Here\'s a short list of highlights:\r\n</p>\r\n\r\n<ul>\r\n<li>\r\n	General:\r\n	<ul>\r\n		<li>Linux 2.6.22.8</li>\r\n		<li>GCC 4.1.2</li>\r\n		<li>Support for booting the installer by USB or PXE (netboot).</li>\r\n	</ul>\r\n</li>\r\n<li>\r\n	32-bit compatability:\r\n	<ul>\r\n		<li>FHS-compliant multilib system</li>\r\n		<li>Reworked 32-bit compatability libraries</li>\r\n		<li>Support for building 32-bit binaries (gcc -m32)</li>\r\n		<li>Seamless support for most 32-bit applications, including Cedega and OpenOffice.org</li>\r\n		<li>nspluginwrapper allows the usage of 32-bit browser plugins, including Flash Player</li>\r\n	</ul>\r\n</li>\r\n<li>\r\n	Desktop:\r\n	<ul>\r\n		<li>HAL automounting</li>\r\n		<li>KDE 3.5.7</li>\r\n		<li>XFCE 4.4.1</li>\r\n		<li>X11R7</li>\r\n		<li>Mozilla Firefox 2.0.0.6</li>\r\n		<li>Mozilla Thunderbird 2.0.0.6</li>\r\n		<li>Mozilla Seamonkey 1.1.4</li>\r\n		<li>Pidgin 2.2.1</li>\r\n	</ul>\r\n</li>\r\n<li>\r\n	Server:\r\n	<ul>\r\n		<li>The Apache Project\'s httpd, version 2.2.4</li>\r\n		<li>PHP 5.2.4</li>\r\n		<li>Perl 5.8.8</li>\r\n		<li>mysql 5.0.37</li>\r\n	</ul>\r\n</li>\r\n</ul>\r\n\r\n<p>\r\nSlamd64 12 will be supported with security updates for at least the next two releases, and Slamd64 11 will be supported with security updates at least until the next release.</p>\r\n\r\n<p>\r\nI\'d like to take this opportunity to remind people of the support channels for\r\nSlamd64:\r\n</p>\r\n\r\n<ul>\r\n<li>\r\n	Bug reporting:\r\n	<ul>\r\n		<li>The <a href=\'http://bugs.slamd64.com\'>bugzilla</a> for most issues</li>\r\n		<li>Email me if it is a sensitive issue (eg security issues)</li>\r\n	</ul>\r\n</li>\r\n\r\n<li>\r\n	General support:\r\n	<ul>\r\n		<li>The <a href=\'http://forums.slamd64.com\'>forums</a></li>\r\n		<li>#slamd64 on irc.freenode.net</li>\r\n		<li>Contacting me (only if there\'s a reason for not using the above)</li>\r\n	</ul>\r\n</li>\r\n</ul>\r\n\r\n<p>\r\nI\'ll also take this opportunity to shamelessly plug myself ;) I am in my final\r\nyear of a computer science undergraduate course at the University of Warwick,\r\nand I am looking for full time employment starting in July 2008.  If you or\r\nyour company has an interest, please look at <a href=\'http://fredemmott.co.uk\'>my website</a>, or email me.\r\n</p>\r\n\r\n<p>Thanks to:</p>\r\n\r\n<ul>\r\n<li>The <a href=\'http://www.csc.warwick.ac.uk\'>Centre for Scientific Computing</a>, <a href=\'http://www.warwick.ac.uk\'>University of Warwick</a>, for the primary\r\n  mirror, <a href=\'http://anorien.warwick.ac.uk\'>anorien.warwick.ac.uk</a></li>\r\n<li>Carlos Corbacho</li>\r\n<li>Eric Hameleers</li>\r\n<li>Everyone else who\'s posted a bug report on http://bugs.slamd64.com</li>\r\n<li>he various distributions that have patches I\'ve needed to use - in\r\n	particular, Linux From Scratch.</li>\r\n<li>The residents of #slamd64 on irc.freenode.net</li>\r\n<li>The residents of ##slackware on irc.freenode.net</li>\r\n<li>The residents of #slackware on irc.oftc.net</li>\r\n<li>The residents of various other channels on irc.freenode.net (you know who\r\n	you are ;)</li>\r\n<li>Michael Urban</li>\r\n<li>Peter Christy</li>\r\n<li>Steven Mitchell</li>\r\n<li>Daniel Frank</li>\r\n<li>Manufacturers of caffeinated drinks :)</li>\r\n</ul>\r\n\r\n<p>\r\nIf I\'ve missed out anyone who feels they should be in the above list, please\r\nlet me know :).</p>\r\n\r\n<p>\r\nIt\'s uploaded to <a href=\'ftp://anorien.warwick.ac.uk/slamd64/\'>anorien</a>, and should make it\'s way to <a href=\'http://www.slamd64.com/getslamd64.html\'>your favourite mirror</a> shortly.\r\n</p>','20071019','Fred',NULL,NULL),(29,'Logo Competition','<p>\r\nHi; I\'m looking for a new logo for Slamd64 - preferably more distinctive and original than the current one :p Here\'s a few guidelines:\r\n</p>\r\n\r\n<ul>\r\n<li>Not a banner image/forum signature image - a logo</li>\r\n<li>Preferably SVG</li>\r\n<li>Visually simple</li>\r\n<li>Few colours - preferably downgrades nicely to black and white</li>\r\n<li>Transparent background</li>\r\n<li>Free for me, but not generally; by this I mean, I should be able to use it for any reason to promote Slamd64, so it\'s an actually useful logo; however, I want it to be distinctive and unique - this means I need to be sure that it won\'t be used by other projects. Talk to me if you have something good, but you\'d like to talk about this more</li>\r\n</ul>\r\n\r\n<p>Rules: All judging by me, and only me. The one prize is that the best entry <em>may</em> become the Slamd64 logo - I reserve the right not to change it if I believe that none of the entries are suitable. Please <a href=\'mailto:mail@fredemmott.co.uk\'>email me</a> with any ideas, or questions.</p>','20071130','Fred','Fred','20071201'),(30,'Minor Slamd64 12.1 Change','<p><em>Update:</em> this was an April Fools\' Day joke.</p>\r\n\r\n<p>I am happy to announce that thanks to superior hardware support, especially for modern Creative sound cards, Slamd64 Linux will become Slamd64 GNU/Hurd in 12.1.</p>','20080401','Fred','Fred','20080403'),(31,'Slamd64 12.1 Released','<p>Slamd64 12.1 is released, containing major new features such as GCC 4.2.3,\r\nSCIM, and greatly improved CJK support. Additionally, installation from FTP\r\nand HTTP sources is now supported.</p>\r\n\r\n<p>\r\nThis release is mostly an incremental improvement over 12.0, including:\r\n</p>\r\n\r\n<ul>\r\n<li>Linux 2.6.24.5 (patched for CVE-2008-1375)</li>\r\n<li>GCC 4.2.3</li>\r\n<li>X11 7.3.0+</li>\r\n<li>Glibc 2.7</li>\r\n<li>Apache HTTPD 2.2.8, with SSL support and PHP 5.2.5</li>\r\n<li>Updated development tools</li>\r\n<li>KDE 3.5.9</li>\r\n<li>XFCE 4.4.2</li>\r\n<li>Mozilla Firefox 2.0.0.14</li>\r\n<li>Mozilla Thunderbird 2.0.0.14</li>\r\n<li>Java (JRE and JDK) 6u6</li>\r\n</ul>\r\n\r\n<p>\r\nLike previous releases of Slamd64, 12.1 provides seamless FHS-compliant\r\n32-bit compatibility, via a multilib system (/lib for 32-bit libraries and\r\n/lib64 for 64-bit libraries). This provides easier and increased support\r\nfor both existing 32-bit software (in most cases, you can just install a\r\npackage designed for Slackware with no special work needed), and for\r\n64-bit binaries too (which require /lib64/ld-linux-x86-64.so.2 to be present)\r\nsuch as the NVidia drivers, without requiring compatibility symlinks which\r\nclutter the root directory and remove the separation of 32 and 64-bit binaries.</p>\r\n\r\n<p>\r\nAdditionally, nspluginwrapper is included in c/, allowing you to easily use\r\n32-bit browser plugins (such as Adobe Flash) in the included 64-bit browsers,\r\nsuch as Firefox and Konqueror.\r\n</p>\r\n\r\n<p>\r\nI\'d like to thank the following people for their assistance, both for\r\ntechnical help, and motivation:\r\n</p>\r\n\r\n<ul>\r\n<li>Carlos Corbacho - done a lot of my work for me, and drastically reduced the\r\n	amount of time it takes me to keep Slamd64 up to date</li>\r\n<li>Patrick Volkerding - Without Slackware, there wouldn\'t be a Slamd64</li>\r\n<li>Marc Carson, for the new logo</li>\r\n<li>The various people thanked in the Slamd64 and Slackware changelogs, and\r\n	THANKS.txt</li>\r\n<li>Everyone who\'s helped with bug reports or support on the forums/IRC</li>\r\n<li>The residents of a variety of IRC channels (you know who you are)</li>\r\n<li>Distributions I have taken compatability patches from; especially Cross-LFS,\r\n	Gentoo, and OpenSUSE</li>\r\n<li>The distributions that base their work upon Slamd64, especially those that\r\n	give credit. This is a great compliment.</li>\r\n</ul>\r\n\r\n<p>\r\nAdditionally, I\'d like to mention the following people who submitted logos\r\nthat were shortlisted, although ultimately not picked:\r\n</p>\r\n\r\n<ul>\r\n<li>Jeffrey Scherling</li>\r\n<li>Samir Piccolotto</li>\r\n<li>Geof Ritter</li>\r\n<li>\"VT\"</li>\r\n</ul>','20080702','Fred','Fred','20080706'),(32,'Slamd64 12.2','<p>\r\nAn announcement mostly recycled from 12.1, and 12.0 in turn:\r\n</p>\r\n\r\n<p>\r\nSlamd64 12.2 is released, and is an incremental improvement over 12.1, including:\r\n</p>\r\n\r\n<ul>\r\n<li>Linux 2.6.27.7</li>\r\n<li>GCC 4.2.4</li>\r\n<li>Apache HTTPD 2.2.10, with SSL support and PHP 5.2.8</li>\r\n<li>Updated development tools</li>\r\n<li>KDE 3.5.10</li>\r\n<li>XFCE 4.4.3</li>\r\n<li>Mozilla Firefox 3.0.5</li>\r\n<li>Mozilla Thunderbird 2.0.0.19</li>\r\n<li>Sun Java (JRE and JDK) 6u11</li>\r\n</ul>\r\n\r\n<p>\r\nLike previous releases of Slamd64, 12.2 provides seamless FHS-compliant\r\n32-bit compatibility, via a multilib system (/lib for 32-bit libraries and\r\n/lib64 for 64-bit libraries). This provides easier and increased support\r\nfor both existing 32-bit software (in most cases, you can just install a\r\npackage designed for Slackware with no special work needed), and for\r\n64-bit binaries too (which require /lib64/ld-linux-x86-64.so.2 to be present)\r\nsuch as the NVidia drivers, without requiring compatability symlinks which\r\nclutter the root directory and remove the separation of 32 and 64-bit binaries.\r\n</p>\r\n\r\n<p>\r\nnspluginwrapper is still included in c/, allowing you to easily use 32-bit\r\nbrowser plugins (such as Adobe Flash) in the included 64-bit browsers, such as\r\nFirefox and Konqueror - given the availability of prerelease 64-bit versions of\r\nAdobe Flash Player and Sun\'s Java Plugin, this will hopefully vanish soon.\r\n</p>\r\n\r\n<p>\r\nAs per usual, there\'s several people that really deserve my thanks:\r\n</p>\r\n<ul>\r\n<li>Carlos Corbacho - again, a huge amount of contributions to Slamd64, in many\r\n	areas.</li>\r\n<li>Andrew Brouwers - many contributions and support.</li>\r\n<li>Joshua Wood - many contributions and support.</li>\r\n<li>Patrick Volkerding - for making Slackware</li>\r\n<li>Everyone who\'s helped with bug reports or support on the forums/IRC</li>\r\n<li>The residents of a variety of IRC channels (you know who you are)</li>\r\n<li>Distributions I have taken compatability patches from; especially Cross-LFS,\r\n	Gentoo, and OpenSUSE</li>\r\n</ul>\r\n\r\n<p>\r\nAdditionally, as announced previously, support for 11.0 will be dropped shortly.\r\n</p>','20090201','Fred',NULL,NULL);
/*!40000 ALTER TABLE `slamd64_news` ENABLE KEYS */;
UNLOCK TABLES;

--
-- Table structure for table `slamd64_sessions`
--

DROP TABLE IF EXISTS `slamd64_sessions`;
SET @saved_cs_client     = @@character_set_client;
SET character_set_client = utf8;
CREATE TABLE `slamd64_sessions` (
  `sessionID` bigint(20) unsigned NOT NULL auto_increment,
  `aliasTo` bigint(20) unsigned default NULL,
  `token` tinytext NOT NULL,
  `expires` datetime NOT NULL,
  `username` tinytext,
  PRIMARY KEY  (`sessionID`)
) ENGINE=InnoDB AUTO_INCREMENT=371944 DEFAULT CHARSET=latin1;
SET character_set_client = @saved_cs_client;

--
-- Dumping data for table `slamd64_sessions`
--

LOCK TABLES `slamd64_sessions` WRITE;
/*!40000 ALTER TABLE `slamd64_sessions` DISABLE KEYS */;
INSERT INTO `slamd64_sessions` VALUES (369255,NULL,'4ae3ce6e4a8c63c61d0f1036f997a045','2009-02-26 20:07:31',NULL),(370180,NULL,'b33b01f268cf14cfc1fd72f48c701c03','2009-02-26 21:18:47',NULL),(370257,NULL,'4df17e4f93f108fd1fd8a53da6c20b08','2009-02-26 19:08:25',NULL),(370674,NULL,'cce7c08b78ee70874a0d675596894860','2009-02-26 21:53:39',NULL),(370762,NULL,'17828944504068a02d6930b0b7171a61','2009-02-27 07:37:35',NULL),(370818,NULL,'800fecac5cf648693f289106573f78f3','2009-02-26 15:05:14',NULL),(370824,NULL,'f4d4938a04a706d47b7416405bc6f85f','2009-02-26 16:07:33',NULL),(370906,NULL,'5caaf2acff369e55c48a1eb614a5ac25','2009-02-26 18:18:59',NULL),(370919,NULL,'4687ffe609b4221578b08c2dbd88d509','2009-02-26 19:51:37',NULL),(371041,NULL,'1fd84b6728e9af91bfc7b55ad31934c6','2009-02-26 14:36:38',NULL),(371043,NULL,'44c8c0087f5f82ce5822f98e90f3f419','2009-02-27 01:34:36',NULL),(371077,NULL,'834e7fd0693a4dd78ae11ff080ff2a38','2009-02-27 08:02:24',NULL),(371097,NULL,'517467748ab6bb6dc6d9f0de0bc78067','2009-02-27 03:01:59',NULL),(371245,NULL,'f062c08791d9bfbc0bdfe995b33e1d2a','2009-02-27 09:08:38',NULL),(371270,NULL,'c9182f04ebf9c7a9645bec6379b9517a','2009-02-26 14:35:45',NULL),(371287,NULL,'b1dad84155b3c0dde308b6bb2bda17fb','2009-02-26 13:37:41',NULL),(371288,NULL,'70cf566716ca32492e515eed3a6bcd53','2009-02-26 13:38:22',NULL),(371289,NULL,'3622dacf67cfc1d341a2c34d0e191b17','2009-02-26 13:38:33',NULL),(371290,NULL,'e1166f4e9a01a742abb7732e8eb1fe66','2009-02-26 13:46:40',NULL),(371291,NULL,'b3bf88b6be83807ea91845eb360dd562','2009-02-26 13:53:57',NULL),(371292,NULL,'6d6426eba4afdee5579baddf2a447e27','2009-02-26 14:00:48',NULL),(371293,NULL,'10289957fc360d0f003f53ff27caa396','2009-02-26 14:01:47',NULL),(371294,NULL,'6027adc5cb64a0ba4f66ab38a9948e70','2009-02-26 14:04:25',NULL),(371295,NULL,'5e83f5ace7da27710b0a6eb8826972de','2009-02-26 14:10:37',NULL),(371296,NULL,'80adb4776cfb560e6649b467e692922d','2009-02-26 14:08:24',NULL),(371297,NULL,'a89abaeae2dc9605a7639f30caef2fcd','2009-02-26 14:10:36',NULL),(371300,NULL,'49a9b0735eab4b4b212116855ad359c3','2009-02-26 14:13:22',NULL),(371301,NULL,'1809436b0ff9d7824a0e67670bc1aaf2','2009-02-26 14:31:09',NULL),(371303,NULL,'7499788af7878154187f1c6c230af10e','2009-02-26 14:22:47',NULL),(371304,NULL,'de42b3d958c35f785f87f15c67402d28','2009-02-26 14:27:51',NULL),(371306,NULL,'cb8e9663efcf0f1cf879340bea711e33','2009-02-26 14:27:09',NULL),(371307,NULL,'ed31e5ef8513389bfcfe4c51d4db9c78','2009-02-26 14:26:59',NULL),(371312,NULL,'ba9304361ce38c346d61b58724764a8d','2009-02-26 14:34:36',NULL),(371314,NULL,'5bc2cc5d11efd03875735e9c9d4bb6b9','2009-02-26 14:37:16',NULL),(371318,NULL,'927d6bef84e8f80cdb0080259bc6a3e0','2009-02-26 14:41:45',NULL),(371319,NULL,'82f9b0fb2286060d0991c50715d3744c','2009-02-26 14:45:56',NULL),(371320,NULL,'9e30a357519f13b5feede17c60fa0e5e','2009-02-26 14:53:34',NULL),(371321,NULL,'1fd30eaa0e4b07b22234ad0c290a1905','2009-02-26 14:53:39',NULL),(371322,NULL,'ad31d30917dbc3dd1fc946cd0f8bc858','2009-02-26 14:55:27',NULL),(371323,NULL,'02680d48b977221ec77ea8b82564c491','2009-02-26 14:56:40',NULL),(371325,NULL,'f7fbe10f2cf9c3dbd219743a901786fb','2009-02-26 15:04:15',NULL),(371326,NULL,'21f17dfbb3e43930189db6936a56fa88','2009-02-26 15:04:34',NULL),(371329,NULL,'21c9d824da1a01e44cd38580aca34f5d','2009-02-26 15:04:45',NULL),(371332,NULL,'dd79cf2b96ae2768b5eb5562c226b78f','2009-02-26 15:05:21',NULL),(371334,NULL,'097491731912d6f40c0a22b1d4feaf8a','2009-02-26 15:05:47',NULL),(371336,NULL,'900fbe62f3a3605da9ffea5c14dcf3d8','2009-02-27 12:52:16',NULL),(371337,NULL,'0c70a5e01e5526dbf32e98c853aa2d82','2009-02-26 18:26:03',NULL),(371339,NULL,'ac0dc9e16f974db0cd3cd6a9b120bac3','2009-02-26 15:10:22',NULL),(371347,NULL,'5b3433a8c80173d35acafe8557e31760','2009-02-26 15:15:20',NULL),(371349,NULL,'a425d5af0d9d15469f10f57a704cb4e5','2009-02-26 15:28:39',NULL),(371350,NULL,'6b940f925957108afbf4f4a936991f60','2009-02-26 15:24:29',NULL),(371351,NULL,'25f3c1acb34959468e51788dc208510f','2009-02-26 15:25:28',NULL),(371353,NULL,'4a09d832c1ada0285e67f8bc8a6efee2','2009-02-26 15:34:26',NULL),(371354,NULL,'5fe72e9b15623baa6fcae9b925734ea0','2009-02-26 15:35:19',NULL),(371356,NULL,'5fe76632fde5a6ada9368ed2f559e220','2009-02-26 15:35:46',NULL),(371358,NULL,'39b604db4f9778d7d01b62ed3b54b517','2009-02-26 15:36:17',NULL),(371359,NULL,'99788f5839eb30a842ae856b16a75631','2009-02-26 15:54:59',NULL),(371361,NULL,'d6be834da6dc342cb644822b78f5563b','2009-02-26 16:01:23',NULL),(371362,NULL,'2d6f4e9f2ee4d5d134e9213f11a3521a','2009-02-26 16:04:36',NULL),(371365,NULL,'96f834d3876b79e3d39843cca375edbf','2009-02-26 16:08:26',NULL),(371366,NULL,'4ca2512abc8a5be9a2958208d0427009','2009-02-26 16:11:15',NULL),(371367,NULL,'754faf51d4492ea62b8a44743982921a','2009-02-26 16:13:43',NULL),(371369,NULL,'b33a33a3f16ddab775feb9041b770a93','2009-02-26 16:20:29',NULL),(371371,NULL,'298855c0a1c4e6071634b66c8c2a39a3','2009-02-26 16:22:09',NULL),(371373,NULL,'26d48128c21e92bc3ad5ad657a7bc64e','2009-02-26 16:22:55',NULL),(371377,NULL,'bf753acff066c8778761c5ed6b5701e6','2009-02-26 16:27:38',NULL),(371378,NULL,'56e9703cfafe594b9647a0298664b86e','2009-02-26 16:28:51',NULL),(371379,NULL,'e171bd0a207f0b8e0e583599d17b926a','2009-02-26 16:35:04',NULL),(371382,NULL,'d4d5068b51c6e73a0facfc3777a24250','2009-02-26 16:36:32',NULL),(371383,NULL,'671b9682a7e689f87fa3c220e386e19a','2009-02-26 16:38:18',NULL),(371384,NULL,'5805b15549fe8fbb28391dfc5f6ed4cd','2009-02-26 16:38:24',NULL),(371385,NULL,'4a1e2d03be7d9b2aba6f2d0c8afccd91','2009-02-26 16:48:06',NULL),(371386,NULL,'1d66694b01116e51e1574a8b3d4f63de','2009-02-27 10:17:02',NULL),(371388,NULL,'59f91e253a3d2666889fae004cb767e2','2009-02-26 16:46:29',NULL),(371389,NULL,'017391a77af179485b2276a6021d6e77','2009-02-27 10:37:28',NULL),(371393,NULL,'cef525f600924455e48f92c2e1aa5aa5','2009-02-26 16:48:15',NULL),(371394,NULL,'5f10e77e9bf498c6fa947992dbf47322','2009-02-27 04:56:52',NULL),(371398,NULL,'a70d2a0020d3235e30ccd1082ad7e8ea','2009-02-26 16:53:53',NULL),(371401,NULL,'bae526df6bc3769d7f4ade0c102b4ba4','2009-02-26 16:55:45',NULL),(371405,NULL,'ba460fb3017d1128cf776478e66fbff5','2009-02-26 16:59:02',NULL),(371407,NULL,'879da5acb331b16ccac04f0e2018d11a','2009-02-26 17:05:16',NULL),(371409,NULL,'7819b2af61d9858e951c7a2ce2e54413','2009-02-26 17:05:47',NULL),(371410,NULL,'305b8a686e1596bc04be1ef14d2478bd','2009-02-26 17:07:26',NULL),(371412,NULL,'5c44c53da5a757fe72b92450f6df398c','2009-02-26 17:17:25',NULL),(371413,NULL,'fd16ee0c3c577e4480b42679086353a9','2009-02-26 17:18:08',NULL),(371416,NULL,'b6db5f66fb8475a82a8334c8fe8c6b4b','2009-02-26 17:20:00',NULL),(371417,NULL,'32fc7e4afec96f84eb396c8ae14ec2af','2009-02-26 17:20:22',NULL),(371418,NULL,'b20d747f0a6194453ebe450faca57957','2009-02-26 17:32:01',NULL),(371421,NULL,'1e4f57aa5765a0341b592b727a090f07','2009-02-26 17:37:33',NULL),(371424,NULL,'76b1ac5924e11c888cae423d8a2f6df9','2009-02-26 17:39:51',NULL),(371425,NULL,'9148eb862025e3a5fefd614583c8c53d','2009-02-26 17:40:01',NULL),(371426,NULL,'e61dc70cc296723b19c3b9ca37285019','2009-02-26 17:40:11',NULL),(371427,NULL,'ae4bc0d8a70e026cdaa597e46a31251e','2009-02-26 17:42:15',NULL),(371428,NULL,'49bf80c124b69b266ce5f6d35b73d4c9','2009-02-26 17:49:22',NULL),(371432,NULL,'c1186960db134bc7dca397fea4300327','2009-02-26 18:02:16',NULL),(371433,NULL,'f5207ba60a741514e57b6353a43765e2','2009-02-26 18:03:44',NULL),(371434,NULL,'74d368664813c6ac6d0a2dd62929294a','2009-02-26 18:06:56',NULL),(371435,NULL,'58b1b483ed8179e600a138471d96beb6','2009-02-26 18:14:51',NULL),(371440,NULL,'f7fa93faabcb0a3e052ca8bdf70ab12d','2009-02-26 18:06:48',NULL),(371441,NULL,'3c883a0effced8f3ff351e4057be4311','2009-02-26 18:08:51',NULL),(371443,NULL,'200303b2bb326eeacc3355ee950406a0','2009-02-26 18:07:00',NULL),(371444,NULL,'a13262f3d0f2cdd45ea3b289dfcb39ea','2009-02-26 18:08:24',NULL),(371447,NULL,'e984d47959a773c3d7c11072a34e19e3','2009-02-26 18:11:19',NULL),(371448,NULL,'8a048aa2cc58df3375a28be1a78d6c1f','2009-02-26 18:11:19',NULL),(371450,NULL,'73214c96d220d63781568f6ae0c5b69f','2009-02-26 18:17:38',NULL),(371453,NULL,'56c957790e7e32769f7e765f501b0029','2009-02-26 18:23:14',NULL),(371456,NULL,'4c4c4f07907f0d2bf2ee4accf56f4d99','2009-02-26 18:32:58',NULL),(371457,NULL,'3cbad72dee81b5d954c6df7a511f224d','2009-02-26 18:37:53',NULL),(371460,NULL,'f42793cf2216cbc5c1ae34880bae8e46','2009-02-26 18:41:23',NULL),(371461,NULL,'6b7fd1c1c4c01cee9c5650999022586b','2009-02-26 18:44:04',NULL),(371463,NULL,'811903bd42231f63a51d1e42cdcbd2c7','2009-02-26 18:45:29',NULL),(371464,NULL,'68a3757eac10b79fe3229b4247c7e71d','2009-02-26 18:46:12',NULL),(371466,NULL,'a2bd03fdcd371f38845362286a5ce45e','2009-02-26 18:49:12',NULL),(371474,NULL,'66956ce4e2aecfaaa4079e2d6d7fdd30','2009-02-26 19:41:22',NULL),(371475,NULL,'25660c1666aff4aabb4673deaac378fe','2009-02-26 18:52:42',NULL),(371477,NULL,'1243869eb2f8f74dbcbc2135fd7cbbe0','2009-02-26 18:54:11',NULL),(371481,NULL,'cab0780648f7275881e760dc3354d981','2009-02-26 18:58:34',NULL),(371483,NULL,'90a84a4b30bb826c38d64bb8f1822df8','2009-02-26 19:07:44',NULL),(371485,NULL,'1b071eba11c6c38b4a05ede86a657709','2009-02-26 19:09:32',NULL),(371488,NULL,'97fb7377ebe8fa226be4220571658c00','2009-02-26 19:09:52',NULL),(371489,NULL,'730e1d55c1e9b84bdf02c0796154ee2c','2009-02-26 19:12:13',NULL),(371491,NULL,'6c4b483bc7ae78302903bd1101ee45cd','2009-02-26 19:17:10',NULL),(371492,NULL,'576f6f0200bc163b66810e05036aeb68','2009-02-26 19:17:42',NULL),(371493,NULL,'a876d3dc50278b097932a7223b290ab9','2009-02-26 19:18:00',NULL),(371495,NULL,'046221f3fdd58f7e24607b50870649f6','2009-02-26 19:28:11',NULL),(371499,NULL,'13ff385651a54216ff09dcc652e3620b','2009-02-26 19:32:14',NULL),(371501,NULL,'e5be8456a07e2ded9a518b4abcd4915f','2009-02-26 19:37:38',NULL),(371504,NULL,'3312b39568193d9d2f01bd2ca86518eb','2009-02-26 19:45:35',NULL),(371505,NULL,'bd8f584aa3515de61b79f74be876f433','2009-02-26 19:48:39',NULL),(371506,NULL,'bac2c12f0581ffbbcc228e0a02bf9c84','2009-02-26 19:49:32',NULL),(371507,NULL,'a5fa72a93e241618468d8711024ab171','2009-02-26 19:51:39',NULL),(371509,NULL,'e8583aa4923f73159a1eb5a6c9254663','2009-02-26 19:51:48',NULL),(371512,NULL,'071298d71738f728ea0b27321d8cfeb0','2009-02-26 19:56:30',NULL),(371513,NULL,'5ed7013a983dc1b88b914ccc4c186411','2009-02-26 19:56:53',NULL),(371514,NULL,'b742e1a07453942b3891ecdd2e469f1e','2009-02-26 19:57:57',NULL),(371515,NULL,'c37035eab4ed30c2b19483aa55ed5263','2009-02-26 20:05:49',NULL),(371516,NULL,'cbb3f44788f7898b4cbbc302279ad274','2009-02-26 20:04:26',NULL),(371517,NULL,'bcbcad0cec7d32d3a8ee9cb98b45bf86','2009-02-26 20:04:36',NULL),(371520,NULL,'b516af35ede78fd0eae2a698b2ea98fe','2009-02-26 20:06:00',NULL),(371522,NULL,'fbf446879ee96c1c74fde642d794e995','2009-02-26 20:08:40',NULL),(371524,NULL,'c69926ba81e4b6ad3fd888457eaa8b8b','2009-02-27 11:59:54',NULL),(371526,NULL,'3313059b2e84eb3ba30007fa47c97902','2009-02-26 20:13:48',NULL),(371527,NULL,'c9b5ff5abf0ad82eab674de710fdf8fa','2009-02-26 20:15:21',NULL),(371528,NULL,'b6137bfdc388ffcc4cc43272e5ea999e','2009-02-26 20:16:15',NULL),(371529,NULL,'5deb2ce3b1de72ef382b155f19a7ae3f','2009-02-26 20:16:15',NULL),(371530,NULL,'241e93c9fe75ea86fdde94902d2600ab','2009-02-26 20:16:57',NULL),(371531,NULL,'f6bb64973328ae8104a81efa43480214','2009-02-26 20:20:40',NULL),(371532,NULL,'243688ccb1ec7b454ef6093e58ec2e52','2009-02-26 20:24:16',NULL),(371533,NULL,'0864b58cd92765a75c041685379cc796','2009-02-26 20:29:05',NULL),(371534,NULL,'1c5a570249e8e81b8bb6f0fb312628bf','2009-02-26 20:37:13',NULL),(371535,NULL,'b1dcec8af9821f2e41820f9acc9a797e','2009-02-26 20:40:21',NULL),(371536,NULL,'cbe4ef52782a61d03f332168d95cb07c','2009-02-26 21:05:07',NULL),(371537,NULL,'9286e080378264cb10c23fbe85d05e5c','2009-02-26 21:09:51',NULL),(371538,NULL,'f2756714d64848650874658d0043ce25','2009-02-26 21:10:50',NULL),(371541,NULL,'ed3d523ae205432725c636bc531080fb','2009-02-26 21:27:22',NULL),(371542,NULL,'80d7dbabba041eee0528538ab7306984','2009-02-26 21:27:33',NULL),(371543,NULL,'c76529c7a577a74ef1ab41fb968bf725','2009-02-26 21:37:39',NULL),(371544,NULL,'f2b259d2acf2b06840efa00564fad430','2009-02-26 21:37:27',NULL),(371546,NULL,'2f9a4caa26892a018b0200ac48261de3','2009-02-26 21:38:20',NULL),(371548,NULL,'18590f82399ea3bd5278938fc7d1bb15','2009-02-26 21:42:59',NULL),(371551,NULL,'c8f5bf677835b3ad333f88bbbaddc654','2009-02-26 21:47:17',NULL),(371552,NULL,'c8be9651f0fd114da4fd83d1ce5e67e6','2009-02-26 22:19:25',NULL),(371555,NULL,'62c1663fb934f1f3d4746e4d7c90b390','2009-02-27 03:47:59',NULL),(371558,NULL,'71bc72ecc344c0bb0141abf973f84718','2009-02-26 21:57:10',NULL),(371559,NULL,'e4a75ff93d88d127b24de5204bdd1e3e','2009-02-26 21:57:11',NULL),(371560,NULL,'bbebcf36dc02e450735a9b5c546e18c2','2009-02-26 22:02:31',NULL),(371563,NULL,'81e3acf208825ad116f77f3ba7c6a381','2009-02-26 22:05:48',NULL),(371564,NULL,'7581c93856cdc0dadec54b89b18ad0a5','2009-02-26 22:06:05',NULL),(371565,NULL,'c7214712a89703cd4636a6f6dc866bd9','2009-02-26 22:16:50',NULL),(371566,NULL,'373af3c42c338180cc1e05df0708c43f','2009-02-26 22:17:18',NULL),(371567,NULL,'ca3a405561aecfb42906d7117b08ca3c','2009-02-26 22:17:29',NULL),(371569,NULL,'a890b7804e279e5794e0a4a08bbbfd5c','2009-02-26 22:20:33',NULL),(371570,NULL,'2b5fa940d5ad090cfcd1ae3b1ebfa89a','2009-02-26 22:22:07',NULL),(371571,NULL,'545913ea0f638367c306c1930429d70d','2009-02-26 22:24:29',NULL),(371572,NULL,'8f30de48acd8ac08b39c4d7aaed0043c','2009-02-26 22:25:06',NULL),(371573,NULL,'0e2669e686a862c01835459ce5ff5c34','2009-02-26 22:28:31',NULL),(371574,NULL,'7717a2b93cf1de3e2590e08b5b29a6e4','2009-02-26 22:29:58',NULL),(371575,NULL,'d30f069691fd2c2ff600225e9e782a04','2009-02-26 22:30:18',NULL),(371576,NULL,'4d0a046b95a941f406c0901dbc089735','2009-02-26 22:37:22',NULL),(371577,NULL,'cd6028c09b333d03bf2222b6d32d7c7f','2009-02-26 22:38:19',NULL),(371578,NULL,'417ad2acb698dc2be12a870bf18156a6','2009-02-26 22:38:23',NULL),(371579,NULL,'739e2db87b89fecf7f7a4851401f9502','2009-02-26 22:38:56',NULL),(371581,NULL,'173356bb4f428253d69a054fcd4ff784','2009-02-27 11:22:19',NULL),(371582,NULL,'4c676bce12be932908b270fcc5c192ec','2009-02-26 22:39:55',NULL),(371583,NULL,'a53ad2dfa61fa5ebd84089994c4f43b4','2009-02-26 22:41:17',NULL),(371584,NULL,'e1a2373dc944b850dae53db47c00709f','2009-02-26 22:40:23',NULL),(371586,NULL,'e162084168aa24680e172146990ec1aa','2009-02-26 22:48:54',NULL),(371587,NULL,'b7f4380607c30b5971a9919e2699aeee','2009-02-26 22:53:33',NULL),(371588,NULL,'96cdcc22c18dc391aacda1e8d71ec6a8','2009-02-26 23:00:02',NULL),(371590,NULL,'dc956442f73f1f889b4950add7ecb70e','2009-02-26 23:06:01',NULL),(371591,NULL,'a3702ec71859e1a6719b245487c65df8','2009-02-26 23:06:39',NULL),(371592,NULL,'ca015852d890ab5fd6f838a063a2ce57','2009-02-27 03:42:32',NULL),(371594,NULL,'a467f4d86823d393db6269011beca991','2009-02-26 23:37:56',NULL),(371596,NULL,'21464b41337ec20d9bb698eafd43452d','2009-02-26 23:22:18',NULL),(371599,NULL,'c2c52b5c9209d11d0f7a925568f03e59','2009-02-26 23:22:39',NULL),(371602,NULL,'4d9ce92943f2ec8b0b9564962619c624','2009-02-26 23:40:38',NULL),(371606,NULL,'041ef818e6ed6deb42f7223292331a59','2009-02-26 23:42:52',NULL),(371607,NULL,'f989ff32c9bb7849af73cdcb2d9cedfc','2009-02-26 23:45:29',NULL),(371609,NULL,'fdd6fbf5d9fcdaca1725aeffca79ff19','2009-02-26 23:49:55',NULL),(371610,NULL,'c0a206d370e25dbf5f0c5dc5576c3c3c','2009-02-27 00:00:28',NULL),(371612,NULL,'0f041f060a34198b6f084f07221cf84f','2009-02-27 00:01:46',NULL),(371613,NULL,'84279aff8de3f7b54a1195911ed9950a','2009-02-27 00:02:47',NULL),(371614,NULL,'edbd75a9b0405c581fec01611adf4f00','2009-02-27 00:10:00',NULL),(371615,NULL,'180a847970f3adc0ee72b0c0d7a41eb2','2009-02-27 00:20:55',NULL),(371617,NULL,'55b2c93bc3b8bea4ec7df767157b42c3','2009-02-27 00:16:39',NULL),(371622,NULL,'feb19d5bdbb0865187334764649089d2','2009-02-27 00:34:53',NULL),(371623,NULL,'2380e41692d4a1ec45cfceae3485ea98','2009-02-27 00:28:47',NULL),(371626,NULL,'f025184e5742728abcbc48dc2689a865','2009-02-27 00:33:49',NULL),(371628,NULL,'a1009e9955d641e354fe3e3223a119b9','2009-02-27 00:39:20',NULL),(371632,NULL,'fe3873587b1c030f20e5cb8de5b716dd','2009-02-27 00:41:58',NULL),(371633,NULL,'9e20aaca82bdb9558aafe3c0fd69a9b5','2009-02-27 00:43:37',NULL),(371634,NULL,'33b1f312848ebd9bdad35e4d68c46822','2009-02-27 00:43:52',NULL),(371635,NULL,'df8ac4b1e8428c3d13c0d594fde8735e','2009-02-27 00:50:41',NULL),(371636,NULL,'7a5fe1da5e536f5bae373238d0a9f728','2009-02-27 00:54:48',NULL),(371637,NULL,'770f6ebf0878fdabf42e45766a0de918','2009-02-27 00:54:34',NULL),(371639,NULL,'d4cc7ab6c2c84078bf97bcf265aaf81e','2009-02-27 00:56:41',NULL),(371641,NULL,'96a21de7ecdd6fd5c2b705d2217d3342','2009-02-27 03:12:46',NULL),(371642,NULL,'82c98b8576bad1f2bfe7f1ed62562e39','2009-02-27 00:58:08',NULL),(371643,NULL,'b8c84e699c8ff3bbbde73bcd28069264','2009-02-27 01:00:40',NULL),(371644,NULL,'7dda570fbd2bd920b57d7c9fe3695725','2009-02-27 01:01:40',NULL),(371645,NULL,'e63bc445556b282a6af1406b1282e796','2009-02-27 01:05:08',NULL),(371646,NULL,'68279d79ec04ffa493da634fb858511f','2009-02-27 01:06:52',NULL),(371647,NULL,'03d024c4786cdf658cd0f80338e743d6','2009-02-27 01:14:02',NULL),(371648,NULL,'9dd9f450fe49084d7ba04abbedfa42a2','2009-02-27 01:08:53',NULL),(371654,NULL,'373ae01d828d2eb0b838f60b54de6f62','2009-02-27 01:13:53',NULL),(371656,NULL,'a2fe1440fc88eb252963a28aff82b49e','2009-02-27 01:16:31',NULL),(371658,NULL,'475b47bdd5dd133a86d9e5370c9bed57','2009-02-27 01:19:57',NULL),(371659,NULL,'cee82f3102118b6cfb0937e84a01ee57','2009-02-27 01:21:53',NULL),(371661,NULL,'a04c49169e794b3c7b56edf7e1e7ca0e','2009-02-27 01:24:44',NULL),(371662,NULL,'e447349c26b7792f4b02b8561cbdfe07','2009-02-27 01:33:50',NULL),(371665,NULL,'5bc0dabd1be6d46e1ac02f0ba650b91c','2009-02-27 01:34:41',NULL),(371666,NULL,'ab69dec31662b2532a0b69310b056260','2009-02-27 01:34:45',NULL),(371668,NULL,'1ddd9130c2a98a1e7a07c60948390515','2009-02-27 01:34:55',NULL),(371669,NULL,'1a0392f73b1db3ed56ff9e7128ac01fa','2009-02-27 01:35:03',NULL),(371670,NULL,'903d8591d90de27222151927028b8ae9','2009-02-27 01:35:19',NULL),(371671,NULL,'270db2fdd08d01df076f6259eb0c792b','2009-02-27 01:35:31',NULL),(371672,NULL,'fb07d9139323cd38da848f3cd997d4f7','2009-02-27 01:37:59',NULL),(371673,NULL,'c5993aea20a4db17fca8e47788391741','2009-02-27 01:57:15',NULL),(371674,NULL,'430f7f0a349b1ce6ba0b009930a886db','2009-02-27 01:58:51',NULL),(371675,NULL,'1078d6b951fbc15fd4ae4a97365a8c35','2009-02-27 02:06:51',NULL),(371677,NULL,'a1faba7d1219915d4fd4ddab5fc48177','2009-02-27 02:26:00',NULL),(371678,NULL,'8c83f28c999826ee44fe7d930286bf5a','2009-02-27 02:33:04',NULL),(371679,NULL,'d74a45ba4decaa82a431e143db39c2ca','2009-02-27 02:28:27',NULL),(371685,NULL,'5451f7c52fb7439bf4aec8d9e24525c6','2009-02-27 02:41:20',NULL),(371687,NULL,'3b6cb93cf404faca23acc63346b4ef92','2009-02-27 02:42:15',NULL),(371692,NULL,'b23d5b620dd2a883ab0c53a2d6f55a8c','2009-02-27 03:06:35',NULL),(371693,NULL,'d1927317054956570568d8ff0df53511','2009-02-27 03:07:32',NULL),(371694,NULL,'c6e0e6c42ee09839268e2f94f56f478f','2009-02-27 03:11:29',NULL),(371696,NULL,'6f0bc5494f4ca9ed0ff1c0a0c7982983','2009-02-27 03:28:48',NULL),(371697,NULL,'87c3f9986b45d9f1e962ab9e0f0b8f32','2009-02-27 03:30:50',NULL),(371701,NULL,'498e553a4e3fdda4f068c8d38c580e9c','2009-02-27 03:47:40',NULL),(371703,NULL,'c9436c3dbeb417895c24b54fb89d74a5','2009-02-27 03:53:47',NULL),(371704,NULL,'77722439513b23eed8d355d3bf0a23e5','2009-02-27 03:53:49',NULL),(371705,NULL,'fd865d8ad1eb9c74b0e3e42c99bd303b','2009-02-27 03:53:50',NULL),(371706,NULL,'0b2f8bb52618bf392b93427d5172e795','2009-02-27 03:59:59',NULL),(371707,NULL,'d73dd2320fec80c1563115bfa9d14e05','2009-02-27 04:02:39',NULL),(371708,NULL,'a12ceac717f2aac2d2dfa94944c18471','2009-02-27 04:03:09',NULL),(371709,NULL,'a5c59da3570750b03eb0d31a8a32036d','2009-02-27 04:05:50',NULL),(371711,NULL,'40c9245d1cffa21d65202aec1b089533','2009-02-27 04:06:58',NULL),(371712,NULL,'0664d2c18c5878ca1aafd3d3d2ae1ff1','2009-02-27 04:07:11',NULL),(371713,NULL,'2083ba88c3a71194dad926bacf8ae7b8','2009-02-27 04:40:09',NULL),(371716,NULL,'0abbecc31950370f02841f69711f9a64','2009-02-27 04:40:53',NULL),(371717,NULL,'7e687ba4a9a398a7273ab048915f062d','2009-02-27 04:42:10',NULL),(371718,NULL,'0296e4d8a8bfaf4b3d2df479d68ded82','2009-02-27 04:43:35',NULL),(371721,NULL,'9c825ca66e86d81e501cae5746bf412f','2009-02-27 04:49:13',NULL),(371722,NULL,'ab00d5b8cd08131eb7f5ecb0e1a5a02d','2009-02-27 04:44:21',NULL),(371730,NULL,'42b2c838a7d772af50fdd76090155d22','2009-02-27 04:58:03',NULL),(371731,NULL,'7f477ae9f28676eb4ab71e1773c26226','2009-02-27 04:59:13',NULL),(371732,NULL,'ca48248b966c5208759fae5b304ebb6e','2009-02-27 05:01:36',NULL),(371733,NULL,'49ba148bafad7cf4fd2ed21a60e20869','2009-02-27 05:02:21',NULL),(371734,NULL,'09085da97e83c52b0f8c169d2eb7e61f','2009-02-27 05:02:36',NULL),(371735,NULL,'a0f37082462cf477a538f1342f118902','2009-02-27 05:05:39',NULL),(371736,NULL,'eb1740ada532eee285778aa80726a40e','2009-02-27 05:41:10',NULL),(371739,NULL,'abf1f0b2566adeeb2e0992ae4b52144a','2009-02-27 05:11:41',NULL),(371742,NULL,'adff07771339b3261b10c657c4bb54ef','2009-02-27 05:47:03',NULL),(371743,NULL,'f3a76537940855d7c44cd08ac88c1bfc','2009-02-27 05:47:23',NULL),(371744,NULL,'61dab809c80caffb25cd38787907547d','2009-02-27 05:47:45',NULL),(371745,NULL,'9ca1fce2c1e28210db13000fc71e9a06','2009-02-27 05:55:16',NULL),(371746,NULL,'4cdd9b7dfb8d80001fcb0a3c4df0133f','2009-02-27 05:57:57',NULL),(371750,NULL,'bdbb8e3dd88410949ef192b96f5b5f66','2009-02-27 06:00:19',NULL),(371752,NULL,'17880165df80a1ac06e0abfed53dc848','2009-02-27 06:06:15',NULL),(371753,NULL,'300b954ef84c2031c90f29263662cc0c','2009-02-27 06:10:08',NULL),(371757,NULL,'4d4691edce06cc77dda124b0cc825c53','2009-02-27 06:26:37',NULL),(371758,NULL,'b6ea60fd5838ff762e41e5caed1ba334','2009-02-27 06:35:58',NULL),(371759,NULL,'7fd9275cc468ca7a62e2bd9f0cffb609','2009-02-27 06:36:03',NULL),(371760,NULL,'964621d0f9bcd64d72813ede36f2cfda','2009-02-27 06:43:35',NULL),(371763,NULL,'103ad51eb54669bc6216586f818153b8','2009-02-27 07:06:08',NULL),(371764,NULL,'78719af8dee318c60bd2ce56659e4fe1','2009-02-27 06:52:02',NULL),(371765,NULL,'f87deaa7269796816e1321a4f8b81db2','2009-02-27 06:54:57',NULL),(371767,NULL,'cba07dce20c786bcf08c3551e12bb172','2009-02-27 07:08:16',NULL),(371768,NULL,'f662b03869a5d30860ac1edf85df98c1','2009-02-27 07:05:50',NULL),(371771,NULL,'4c5f554831570e06bfab2a82b0e5fb87','2009-02-27 07:09:59',NULL),(371772,NULL,'e016e3599f39d9e15f195605979ed65c','2009-02-27 07:14:15',NULL),(371774,NULL,'3e6ff62fdf3e6cb8f1d2f446fc9d758e','2009-02-27 07:44:13',NULL),(371775,NULL,'344f3b1d648d5ab30c63655d553a3fb0','2009-02-27 07:47:00',NULL),(371776,NULL,'0c25b59284a6a2181d0a38c0ca3a9728','2009-02-27 07:49:54',NULL),(371780,NULL,'b4d09067c22d921b536b9aebc479a676','2009-02-27 08:06:29',NULL),(371781,NULL,'9e12414693f3255e65a640a5a08f65e9','2009-02-27 08:06:30',NULL),(371782,NULL,'d3dc147ec1a44fa7e6c8d30d1b192781','2009-02-27 08:26:29',NULL),(371783,NULL,'103799db8bc0b876000a6c91ff8eda6e','2009-02-27 08:09:03',NULL),(371784,NULL,'d31d5bb7855cc978d176fac766b7993e','2009-02-27 08:18:18',NULL),(371785,NULL,'34dfe7c61ef8803f2d797cc7d7c1fa08','2009-02-27 08:18:19',NULL),(371786,NULL,'e0fc769bbc42cbab60e63ea0a3a0fc4b','2009-02-27 08:18:37',NULL),(371787,NULL,'4bf8cabcb909cd14cc0cec979ae109a6','2009-02-27 08:18:37',NULL),(371788,NULL,'d15adf13b1de68b75bf2597cb3b9ea42','2009-02-27 08:24:41',NULL),(371791,NULL,'c18c28df55774930f7c992ed578b416e','2009-02-27 08:40:53',NULL),(371792,NULL,'7b2fa4fc7383c4692c674cd4fee86cb0','2009-02-27 10:04:03',NULL),(371796,NULL,'c93c790e23adfcbd5724b3dc7c98a134','2009-02-27 08:49:28',NULL),(371798,NULL,'6290ebf396d59f3b7cb5ca845e537823','2009-02-27 08:50:26',NULL),(371799,NULL,'e514b8dde33ac9009f4a378ddee5be3f','2009-02-27 08:50:27',NULL),(371800,NULL,'1831af450611cb4976ec4eb4f7fe1e22','2009-02-27 08:55:24',NULL),(371801,NULL,'31545199ddadf3ead82aa482dbf6b7f1','2009-02-27 10:38:51',NULL),(371802,NULL,'f60beb532322a8e0d33b9f7893deb465','2009-02-27 09:05:28',NULL),(371804,NULL,'ebb4fb107face61e19c982de409b8cd5','2009-02-27 09:06:14',NULL),(371805,NULL,'9eda2f0963ae75343310de5c4fd995f6','2009-02-27 10:04:02',NULL),(371808,NULL,'29fb47f2284795f2bdb1a855217d7789','2009-02-27 09:09:24',NULL),(371809,NULL,'8de00511f5a629f0cd41a6c6d9bdbf06','2009-02-27 09:11:17',NULL),(371812,NULL,'994096e539913c6f133f7bcc34e66419','2009-02-27 09:16:36',NULL),(371815,NULL,'b8c59e2a82f79d5de53dbea3b4765375','2009-02-27 09:16:50',NULL),(371816,NULL,'e55e0077895cfe01ae88bda208c62ab7','2009-02-27 09:29:34',NULL),(371818,NULL,'cb052c1a1e7fd15ac43b6af74d9cb2ea','2009-02-27 09:30:02',NULL),(371819,NULL,'60c324f23615c38c307a474b3ee6f281','2009-02-27 09:33:33',NULL),(371824,NULL,'fa851583b3eaf701208e9c85a09b29f5','2009-02-27 09:50:33',NULL),(371826,NULL,'f75abd856224c58aa003a0dac7583276','2009-02-27 10:05:17',NULL),(371832,NULL,'ec11daf6c915023589858fed01dfe17e','2009-02-27 10:08:16',NULL),(371837,NULL,'6387b8e130af9ce16110d5e16c9131f5','2009-02-27 10:21:06',NULL),(371838,NULL,'476158fddba716dd95e187f39b2164d3','2009-02-27 10:32:41',NULL),(371841,NULL,'5ae2792d657676ec4a9f4a1b1d675bc2','2009-02-27 10:35:43',NULL),(371843,NULL,'e80af3a4982c04b9b05fca861102c07b','2009-02-27 10:36:29',NULL),(371846,NULL,'b1854ec1f8a2030f1100e491c9bcf39b','2009-02-27 11:06:19',NULL),(371847,NULL,'2262848884ac8b44c7ca85ceb1464f1c','2009-02-27 10:47:26',NULL),(371848,NULL,'ef70c8225005fede577451e32a353d98','2009-02-27 10:42:49',NULL),(371849,NULL,'1d617312c6bf4cede50842b882167ca7','2009-02-27 10:43:05',NULL),(371850,NULL,'1eec607725f92068496039d49ea4f34b','2009-02-27 10:48:50',NULL),(371854,NULL,'697861a1d7b5126c3ad02f010dfd30b8','2009-02-27 10:50:22',NULL),(371858,NULL,'b05d95b8915b4356514b9f2ebe202b0a','2009-02-27 11:11:14',NULL),(371863,NULL,'299941d18d165c67426c76e3531154bd','2009-02-27 11:19:48',NULL),(371864,NULL,'b0597a307afefdccf58f97418675571c','2009-02-27 11:19:43',NULL),(371867,NULL,'c941ff472c5276f0159e09a5d638ffe6','2009-02-27 11:23:10',NULL),(371868,NULL,'98fb2eb6aab96bea2b5c896382b40876','2009-02-27 11:51:47',NULL),(371873,NULL,'8eb527c072b33eebb748d2f081993dce','2009-02-27 11:34:23',NULL),(371874,NULL,'ed920d214514198bf68e145932183e8f','2009-02-27 11:34:38',NULL),(371875,NULL,'df9833c6889db000077a507ffcefe6ab','2009-02-27 11:35:51',NULL),(371876,NULL,'ef154ef65705566b4dfb489195b08ed9','2009-02-27 11:37:42',NULL),(371878,NULL,'269d5f302e49b356db120ff73548971e','2009-02-27 11:50:04',NULL),(371880,NULL,'0faf975a6e51760f1a38ebcfbf9a103d','2009-02-27 11:53:43',NULL),(371881,NULL,'a446f37676432fc7d8fb5e594924a3a9','2009-02-27 11:53:44',NULL),(371882,NULL,'4673dca12efa1e1ed583247d63cee641','2009-02-27 11:55:50',NULL),(371883,NULL,'ab54386650a984aa83b79c39f33eb548','2009-02-27 12:02:08',NULL),(371885,NULL,'d9abce18a99dd386a5f526a59e3cb5fd','2009-02-27 12:00:55',NULL),(371887,NULL,'6a4eec168aacf3ec5a8b3703b7ef35a7','2009-02-27 12:07:06',NULL),(371890,NULL,'ba5d1fc1f42484ee4b8911af5cd651c4','2009-02-27 12:09:27',NULL),(371891,NULL,'1a6ba58432c7233c7a8fada3adcccc81','2009-02-27 12:19:50',NULL),(371892,NULL,'d7f47a4f9d2f219fc077321dcfa08a03','2009-02-27 12:19:56',NULL),(371893,NULL,'f9c828eb2f26fd567fe82d07c57b30ab','2009-02-27 12:29:49',NULL),(371895,NULL,'f52f5e1afd3dad93ba24ab11b0dda344','2009-02-27 12:35:16',NULL),(371897,NULL,'b711b69e4f27dbb4a34bb666d6273c3d','2009-02-27 12:37:19',NULL),(371898,NULL,'1328cc47668e0d3ec9df3bb8112cbe26','2009-02-27 12:39:04',NULL),(371899,NULL,'0e99004c86b678cb7c4358ba06ad1d38','2009-02-27 12:44:33',NULL),(371901,NULL,'0e4596e82b81e16734ff00abe71dc12d','2009-02-27 12:45:35',NULL),(371902,NULL,'a1cd5331f3b680fe0f6e4f6971c8c34b','2009-02-27 12:46:10',NULL),(371904,NULL,'eda80a38bedebfaf3bd4b81cc198d8df','2009-02-27 12:48:48',NULL),(371908,NULL,'db9380e4840ab20a8df4484a18bf179e','2009-02-27 12:52:50',NULL),(371909,NULL,'28c390a86e30c27158c929af3fd025b8','2009-02-27 12:52:55',NULL),(371910,NULL,'b7277de79d3943d52d38b3b2797c0e62','2009-02-27 12:53:05',NULL),(371911,NULL,'7bf5d60a75a1fcc676edd0a3636f8dad','2009-02-27 12:53:11',NULL),(371912,NULL,'3cf4fe9d75b1d250ea0e0b3cc2d4e2dc','2009-02-27 12:53:21',NULL),(371913,NULL,'4e4f84550a043535bd2b131283c05f8e','2009-02-27 12:53:25',NULL),(371914,NULL,'aa5e0287676bca2c92f3f1d079630dc3','2009-02-27 12:53:30',NULL),(371915,NULL,'bd17430584c786bfc81d3da91cb914a2','2009-02-27 12:53:34',NULL),(371916,NULL,'228cc82baed9a417c213d6b9e8da06b3','2009-02-27 13:23:57',NULL),(371917,NULL,'d0de39c274591dfc11226f3d06dc052c','2009-02-27 12:56:48',NULL),(371918,NULL,'28396e842c8bd8e6faf4c4a883d35e37','2009-02-27 13:03:28',NULL),(371920,NULL,'30984b6b4bc2e4fc59dc889bed849316','2009-02-27 13:06:13',NULL),(371921,NULL,'53eed945a47d90d4d4bd3f9232dfcae3','2009-02-27 13:06:23',NULL),(371922,NULL,'9ae2ae481d03c59fa76f612abd87f478','2009-02-27 13:06:02',NULL),(371925,NULL,'bd8daef6dd91384936565a549ed28cb6','2009-02-27 13:10:47',NULL),(371926,NULL,'00be796483150bc26bc3120e9f92d9b5','2009-02-27 13:10:48',NULL),(371927,NULL,'5779489f8ae86b975fea8285e85711e5','2009-02-27 13:15:14',NULL),(371928,NULL,'ec009df875db9e6ae3b360b21abce071','2009-02-27 13:15:12',NULL),(371930,NULL,'92666364f8ad71bc3aacc2bdb9c67177','2009-02-27 13:18:42',NULL),(371932,NULL,'b069157801fb666fa961b2bc211052f5','2009-02-27 13:25:30',NULL),(371933,NULL,'3a006eaa958c65341c524ae1d0a4db3c','2009-02-27 13:36:38',NULL),(371934,NULL,'1593c134ee2cd01a8e3a4b6630726249','2009-02-27 13:25:02',NULL),(371935,NULL,'5df9b486a9f95acd0b8b67a8033a6cf2','2009-02-27 13:25:20',NULL),(371937,NULL,'bf275d32babc1732517595ec1419be6d','2009-02-27 13:31:34',NULL),(371939,NULL,'11bdfdc10b64dbdd4533943467268188','2009-02-27 13:35:39',NULL),(371943,NULL,'c066b59cee385732126d55887f0a7fd0','2009-02-27 13:37:13',NULL);
/*!40000 ALTER TABLE `slamd64_sessions` ENABLE KEYS */;
UNLOCK TABLES;

--
-- Table structure for table `slamd64_users`
--

DROP TABLE IF EXISTS `slamd64_users`;
SET @saved_cs_client     = @@character_set_client;
SET character_set_client = utf8;
CREATE TABLE `slamd64_users` (
  `username` tinytext NOT NULL,
  `md5pass` tinytext NOT NULL
) ENGINE=InnoDB DEFAULT CHARSET=latin1;
SET character_set_client = @saved_cs_client;

--
-- Dumping data for table `slamd64_users`
--

LOCK TABLES `slamd64_users` WRITE;
/*!40000 ALTER TABLE `slamd64_users` DISABLE KEYS */;
INSERT INTO `slamd64_users` VALUES ('Fred','aecee21085c4e89fc89355af8cb5a4ba'),('Cathectic','5a43aec23913ec92ff4ea538f7cd2229'),('Dominian','7d3aa793588eb787f0ef4f777e0652d9');
/*!40000 ALTER TABLE `slamd64_users` ENABLE KEYS */;
UNLOCK TABLES;
/*!40103 SET TIME_ZONE=@OLD_TIME_ZONE */;

/*!40101 SET SQL_MODE=@OLD_SQL_MODE */;
/*!40014 SET FOREIGN_KEY_CHECKS=@OLD_FOREIGN_KEY_CHECKS */;
/*!40014 SET UNIQUE_CHECKS=@OLD_UNIQUE_CHECKS */;
/*!40101 SET CHARACTER_SET_CLIENT=@OLD_CHARACTER_SET_CLIENT */;
/*!40101 SET CHARACTER_SET_RESULTS=@OLD_CHARACTER_SET_RESULTS */;
/*!40101 SET COLLATION_CONNECTION=@OLD_COLLATION_CONNECTION */;
/*!40111 SET SQL_NOTES=@OLD_SQL_NOTES */;

-- Dump completed on 2009-02-26 13:38:00
